-- MySQL Script generated by MySQL Workbench
-- Sun Feb 11 19:21:26 2024
-- Model: New Model    Version: 1.0
-- MySQL Workbench Forward Engineering

SET @OLD_UNIQUE_CHECKS=@@UNIQUE_CHECKS, UNIQUE_CHECKS=0;
SET @OLD_FOREIGN_KEY_CHECKS=@@FOREIGN_KEY_CHECKS, FOREIGN_KEY_CHECKS=0;
SET @OLD_SQL_MODE=@@SQL_MODE, SQL_MODE='ONLY_FULL_GROUP_BY,STRICT_TRANS_TABLES,NO_ZERO_IN_DATE,NO_ZERO_DATE,ERROR_FOR_DIVISION_BY_ZERO,NO_ENGINE_SUBSTITUTION';

-- -----------------------------------------------------
-- Schema tbm22
-- -----------------------------------------------------
DROP SCHEMA IF EXISTS `tbm22` ;

-- -----------------------------------------------------
-- Schema tbm22
-- -----------------------------------------------------
CREATE SCHEMA IF NOT EXISTS `tbm22` DEFAULT CHARACTER SET utf8 COLLATE utf8_unicode_ci ;
SHOW WARNINGS;
USE `tbm22` ;

-- -----------------------------------------------------
-- Table `tbm22`.`petstore`
-- -----------------------------------------------------
DROP TABLE IF EXISTS `tbm22`.`petstore` ;

SHOW WARNINGS;
CREATE TABLE IF NOT EXISTS `tbm22`.`petstore` (
  `pst_id` SMALLINT UNSIGNED NOT NULL AUTO_INCREMENT,
  `pst_name` VARCHAR(30) NOT NULL,
  `pst_street` VARCHAR(30) NOT NULL,
  `pst_city` VARCHAR(30) NOT NULL,
  `pst_state` CHAR(2) NOT NULL,
  `pst_zip` CHAR(9) NOT NULL,
  `pst_phone` BIGINT UNSIGNED NOT NULL,
  `pst_email` VARCHAR(100) NOT NULL,
  `pst_url` VARCHAR(100) NOT NULL,
  `pst_ytd_sales` DECIMAL(10,2) NOT NULL,
  `pst_notes` VARCHAR(255) NULL,
  PRIMARY KEY (`pst_id`))
ENGINE = InnoDB;

SHOW WARNINGS;

-- -----------------------------------------------------
-- Table `tbm22`.`customer`
-- -----------------------------------------------------
DROP TABLE IF EXISTS `tbm22`.`customer` ;

SHOW WARNINGS;
CREATE TABLE IF NOT EXISTS `tbm22`.`customer` (
  `cus_id` SMALLINT UNSIGNED NOT NULL AUTO_INCREMENT,
  `cus_fname` VARCHAR(15) NOT NULL,
  `cus_lname` VARCHAR(30) NOT NULL,
  `cus_street` VARCHAR(30) NOT NULL,
  `cus_city` VARCHAR(30) NOT NULL,
  `cus_state` CHAR(2) NOT NULL,
  `cus_zip` CHAR(9) NOT NULL,
  `cus_phone` BIGINT UNSIGNED NOT NULL,
  `cus_email` VARCHAR(100) NOT NULL,
  `cus_balance` DECIMAL(8,2) NOT NULL,
  `cus_total_sales` DECIMAL(8,2) NOT NULL,
  `cus_notes` VARCHAR(255) NULL,
  PRIMARY KEY (`cus_id`))
ENGINE = InnoDB;

SHOW WARNINGS;

-- -----------------------------------------------------
-- Table `tbm22`.`pet`
-- -----------------------------------------------------
DROP TABLE IF EXISTS `tbm22`.`pet` ;

SHOW WARNINGS;
CREATE TABLE IF NOT EXISTS `tbm22`.`pet` (
  `pet_id` SMALLINT UNSIGNED NOT NULL AUTO_INCREMENT,
  `pst_id` SMALLINT UNSIGNED NOT NULL,
  `cus_id` SMALLINT UNSIGNED NULL,
  `pet_type` VARCHAR(45) NOT NULL,
  `pet_sex` ENUM('m', 'f') NOT NULL,
  `pet_cost` DECIMAL(6,2) NOT NULL COMMENT 'pet store\'s cost',
  `pet_price` DECIMAL(6,2) NOT NULL COMMENT 'what pet sold for',
  `pet_age` TINYINT UNSIGNED NOT NULL COMMENT 'age is in weeks, divide by 52 for yrs.',
  `pet_color` VARCHAR(30) NOT NULL,
  `pet_sale_date` DATE NULL,
  `pet_vaccine` ENUM('y', 'n') NOT NULL,
  `pet_neuter` ENUM('y', 'n') NOT NULL,
  `pet_notes` VARCHAR(255) NULL,
  PRIMARY KEY (`pet_id`),
  INDEX `fk_pet_customer_idx` (`cus_id` ASC) VISIBLE,
  INDEX `fk_pet_petstore1_idx` (`pst_id` ASC) VISIBLE,
  CONSTRAINT `fk_pet_customer`
    FOREIGN KEY (`cus_id`)
    REFERENCES `tbm22`.`customer` (`cus_id`)
    ON DELETE SET NULL
    ON UPDATE CASCADE,
  CONSTRAINT `fk_pet_petstore1`
    FOREIGN KEY (`pst_id`)
    REFERENCES `tbm22`.`petstore` (`pst_id`)
    ON DELETE CASCADE
    ON UPDATE CASCADE)
ENGINE = InnoDB;

SHOW WARNINGS;

SET SQL_MODE=@OLD_SQL_MODE;
SET FOREIGN_KEY_CHECKS=@OLD_FOREIGN_KEY_CHECKS;
SET UNIQUE_CHECKS=@OLD_UNIQUE_CHECKS;

-- -----------------------------------------------------
-- Data for table `tbm22`.`petstore`
-- -----------------------------------------------------
START TRANSACTION;
USE `tbm22`;
INSERT INTO `tbm22`.`petstore` (`pst_id`, `pst_name`, `pst_street`, `pst_city`, `pst_state`, `pst_zip`, `pst_phone`, `pst_email`, `pst_url`, `pst_ytd_sales`, `pst_notes`) VALUES (1, 'Paws & Claws Emporium', '806 Country Street', 'Hyde Park', 'MA', '637285718', 1839482765, 'pawsandclaws@gmail.com', 'https://www.pawsandclaws.com', 12647, 'notes1');
INSERT INTO `tbm22`.`petstore` (`pst_id`, `pst_name`, `pst_street`, `pst_city`, `pst_state`, `pst_zip`, `pst_phone`, `pst_email`, `pst_url`, `pst_ytd_sales`, `pst_notes`) VALUES (2, 'Furry Friends Haven', '8626 South Nicolls Drive', 'Bloomington', 'IN', '748213889', 2448409812, 'furryfriendshaven@gmail.com', 'https://www.furryfriendshaven.com', 22381, 'notes2');
INSERT INTO `tbm22`.`petstore` (`pst_id`, `pst_name`, `pst_street`, `pst_city`, `pst_state`, `pst_zip`, `pst_phone`, `pst_email`, `pst_url`, `pst_ytd_sales`, `pst_notes`) VALUES (3, 'Pet Paradise Supply Co.', '33 Shub Farm St.', 'Laurel', 'MD', '737829187', 7228441928, 'petparadisesupplyco@gmail.com', 'https://www.petparadisesupplyco.com', 18123, 'notes3');
INSERT INTO `tbm22`.`petstore` (`pst_id`, `pst_name`, `pst_street`, `pst_city`, `pst_state`, `pst_zip`, `pst_phone`, `pst_email`, `pst_url`, `pst_ytd_sales`, `pst_notes`) VALUES (4, 'Tail Waggers Corner', '656 Summit St.', 'New Haven', 'CT', '838219283', 9921147262, 'tailwaggerscorner@gmail.com', 'https://www.tailwaggerscorner.com', 51238, 'notes4');
INSERT INTO `tbm22`.`petstore` (`pst_id`, `pst_name`, `pst_street`, `pst_city`, `pst_state`, `pst_zip`, `pst_phone`, `pst_email`, `pst_url`, `pst_ytd_sales`, `pst_notes`) VALUES (5, 'Whiskers & Wags Pet Store', '38 Old 4th St.', 'Coachella', 'CA', '827334918', 1123920823, 'whiskersandwags@gmail.com', 'https://www.whiskersandwags.com', 13245, 'notes5');
INSERT INTO `tbm22`.`petstore` (`pst_id`, `pst_name`, `pst_street`, `pst_city`, `pst_state`, `pst_zip`, `pst_phone`, `pst_email`, `pst_url`, `pst_ytd_sales`, `pst_notes`) VALUES (6, 'The Critter Corner', '7648 Lantern Lane', 'Nottingham', 'MD', '112438756', 4432987509, 'thecrittercorner@gmail.com', 'https://www.thecrittercorner.com', 44321, 'notes6');
INSERT INTO `tbm22`.`petstore` (`pst_id`, `pst_name`, `pst_street`, `pst_city`, `pst_state`, `pst_zip`, `pst_phone`, `pst_email`, `pst_url`, `pst_ytd_sales`, `pst_notes`) VALUES (7, 'Pet Palooza Emporium', '3 Greystone Rd.', 'Norwalk', 'CT', '883429109', 4736281097, 'petpaloozaemporium@gmail.com', 'https://www.petpaloozaemporium.com', 32551, 'notes7');
INSERT INTO `tbm22`.`petstore` (`pst_id`, `pst_name`, `pst_street`, `pst_city`, `pst_state`, `pst_zip`, `pst_phone`, `pst_email`, `pst_url`, `pst_ytd_sales`, `pst_notes`) VALUES (8, 'Happy Tails Pet Store', '4 Manor Station Lane', 'Barberton', 'OH', '475628198', 7483928176, 'happytails@gmail.com', 'https://www.happytails.com', 52134, 'notes8');
INSERT INTO `tbm22`.`petstore` (`pst_id`, `pst_name`, `pst_street`, `pst_city`, `pst_state`, `pst_zip`, `pst_phone`, `pst_email`, `pst_url`, `pst_ytd_sales`, `pst_notes`) VALUES (9, 'The Pet Spot', '986 Saxon Court', 'Clifton Park', 'NY', '827491870', 9482615091, 'petspot@gmail.com', 'https://www.petspot.com', 76512, 'notes9');
INSERT INTO `tbm22`.`petstore` (`pst_id`, `pst_name`, `pst_street`, `pst_city`, `pst_state`, `pst_zip`, `pst_phone`, `pst_email`, `pst_url`, `pst_ytd_sales`, `pst_notes`) VALUES (10, 'Creature Comforts Pet Store', '490 West Miles Dr.', 'Taylors', 'SC', '772849187', 5342671990, 'creaturecomforts@gmail.com', 'https://www.creaturecomforts.com', 53122, 'notes10');

COMMIT;


-- -----------------------------------------------------
-- Data for table `tbm22`.`customer`
-- -----------------------------------------------------
START TRANSACTION;
USE `tbm22`;
INSERT INTO `tbm22`.`customer` (`cus_id`, `cus_fname`, `cus_lname`, `cus_street`, `cus_city`, `cus_state`, `cus_zip`, `cus_phone`, `cus_email`, `cus_balance`, `cus_total_sales`, `cus_notes`) VALUES (1, 'Angel', 'Henderson', '920 Oak Valley Road', 'Maplewood', 'NJ', '543726891', 7462894637, 'angelhenderson@gmail.com', 142.59, 1234.12, 'notes1');
INSERT INTO `tbm22`.`customer` (`cus_id`, `cus_fname`, `cus_lname`, `cus_street`, `cus_city`, `cus_state`, `cus_zip`, `cus_phone`, `cus_email`, `cus_balance`, `cus_total_sales`, `cus_notes`) VALUES (2, 'Steff', 'Taylor', '87 Inverness Ave', 'Summerfield', 'FL', '736918532', 3257618930, 'stefftaylor@gmail.com', 224.54, 874.11, 'notes2');
INSERT INTO `tbm22`.`customer` (`cus_id`, `cus_fname`, `cus_lname`, `cus_street`, `cus_city`, `cus_state`, `cus_zip`, `cus_phone`, `cus_email`, `cus_balance`, `cus_total_sales`, `cus_notes`) VALUES (3, 'Lynn', 'Wells', '87 Saxon Drive', 'Campbell', 'CA', '736928164', 8473625291, 'lynnwells@gmail.com', 836.92, 771.41, 'notes3');
INSERT INTO `tbm22`.`customer` (`cus_id`, `cus_fname`, `cus_lname`, `cus_street`, `cus_city`, `cus_state`, `cus_zip`, `cus_phone`, `cus_email`, `cus_balance`, `cus_total_sales`, `cus_notes`) VALUES (4, 'Billy', 'Day', '56 Saxon Street', 'Garden City', 'NY', '923765816', 9826734519, 'billyday@gmail.com', 443.87, 1356.22, 'notes4');
INSERT INTO `tbm22`.`customer` (`cus_id`, `cus_fname`, `cus_lname`, `cus_street`, `cus_city`, `cus_state`, `cus_zip`, `cus_phone`, `cus_email`, `cus_balance`, `cus_total_sales`, `cus_notes`) VALUES (5, 'Will', 'Edwards', '33 Princeton Ave.', 'Navarre', 'FL', '923456172', 7382916509, 'willedwards@gmail.com', 628.13, 981.44, 'notes5');
INSERT INTO `tbm22`.`customer` (`cus_id`, `cus_fname`, `cus_lname`, `cus_street`, `cus_city`, `cus_state`, `cus_zip`, `cus_phone`, `cus_email`, `cus_balance`, `cus_total_sales`, `cus_notes`) VALUES (6, 'Reggie', 'Walls', '53 North Pennsylvania Ave.', 'Pawtucket', 'RI', '738291654', 6547329850, 'reggiewalls@gmail.com', 443.12, 876.34, 'notes6');
INSERT INTO `tbm22`.`customer` (`cus_id`, `cus_fname`, `cus_lname`, `cus_street`, `cus_city`, `cus_state`, `cus_zip`, `cus_phone`, `cus_email`, `cus_balance`, `cus_total_sales`, `cus_notes`) VALUES (7, 'Morgan', 'Weaver', '51 Magnolia Court', 'Melbourne', 'FL', '546382749', 8174920876, 'morganweaver@gmail.com', 643.54, 1763.53, 'notes7');
INSERT INTO `tbm22`.`customer` (`cus_id`, `cus_fname`, `cus_lname`, `cus_street`, `cus_city`, `cus_state`, `cus_zip`, `cus_phone`, `cus_email`, `cus_balance`, `cus_total_sales`, `cus_notes`) VALUES (8, 'Caden', 'Walters', '334 Woodsman Ave.', 'Amsterdam', 'NY', '981263547', 7762436654, 'cadenwalters@gmail.com', 873.24, 1280.66, 'notes8');
INSERT INTO `tbm22`.`customer` (`cus_id`, `cus_fname`, `cus_lname`, `cus_street`, `cus_city`, `cus_state`, `cus_zip`, `cus_phone`, `cus_email`, `cus_balance`, `cus_total_sales`, `cus_notes`) VALUES (9, 'Lesley', 'Douglas', '9198 San Juan Lane', 'Roslindale', 'MA', '634287197', 9801327645, 'lesleydouglas@gmail.com', 554.21, 1183.25, 'notes9');
INSERT INTO `tbm22`.`customer` (`cus_id`, `cus_fname`, `cus_lname`, `cus_street`, `cus_city`, `cus_state`, `cus_zip`, `cus_phone`, `cus_email`, `cus_balance`, `cus_total_sales`, `cus_notes`) VALUES (10, 'Danny', 'Short', '7082 Liberty Street', 'Southington', 'CT', '543623891', 9332457162, 'dannyshort@gmail.com', 342.58, 822.54, 'notes10');

COMMIT;


-- -----------------------------------------------------
-- Data for table `tbm22`.`pet`
-- -----------------------------------------------------
START TRANSACTION;
USE `tbm22`;
INSERT INTO `tbm22`.`pet` (`pet_id`, `pst_id`, `cus_id`, `pet_type`, `pet_sex`, `pet_cost`, `pet_price`, `pet_age`, `pet_color`, `pet_sale_date`, `pet_vaccine`, `pet_neuter`, `pet_notes`) VALUES (1, 3, 10, 'Doberman', 'm', 350, 525, 52, 'black/tan', '2009-07-05', 'y', 'y', 'notes1');
INSERT INTO `tbm22`.`pet` (`pet_id`, `pst_id`, `cus_id`, `pet_type`, `pet_sex`, `pet_cost`, `pet_price`, `pet_age`, `pet_color`, `pet_sale_date`, `pet_vaccine`, `pet_neuter`, `pet_notes`) VALUES (2, 1, 7, 'Chihuahua', 'f', 175, 165, 78, 'white/brown', NULL, 'n', 'n', 'notes2');
INSERT INTO `tbm22`.`pet` (`pet_id`, `pst_id`, `cus_id`, `pet_type`, `pet_sex`, `pet_cost`, `pet_price`, `pet_age`, `pet_color`, `pet_sale_date`, `pet_vaccine`, `pet_neuter`, `pet_notes`) VALUES (3, 2, 9, 'American Bobtail', 'm', 195, 385, 104, 'black', '2011-12-24', 'y', 'y', 'notes3');
INSERT INTO `tbm22`.`pet` (`pet_id`, `pst_id`, `cus_id`, `pet_type`, `pet_sex`, `pet_cost`, `pet_price`, `pet_age`, `pet_color`, `pet_sale_date`, `pet_vaccine`, `pet_neuter`, `pet_notes`) VALUES (4, 6, 8, 'American Longhair', 'm', 165, 275, 156, 'white', '2005-08-01', 'n', 'y', 'notes4');
INSERT INTO `tbm22`.`pet` (`pet_id`, `pst_id`, `cus_id`, `pet_type`, `pet_sex`, `pet_cost`, `pet_price`, `pet_age`, `pet_color`, `pet_sale_date`, `pet_vaccine`, `pet_neuter`, `pet_notes`) VALUES (5, 4, 5, 'British Shorthair', 'f', 155, 145, 28, 'grey', NULL, 'y', 'n', 'notes5');
INSERT INTO `tbm22`.`pet` (`pet_id`, `pst_id`, `cus_id`, `pet_type`, `pet_sex`, `pet_cost`, `pet_price`, `pet_age`, `pet_color`, `pet_sale_date`, `pet_vaccine`, `pet_neuter`, `pet_notes`) VALUES (6, 7, 6, 'Rose-Ringed Pakeet', 'f', 18, 32, 2, 'green/yellow', '2010-11-12', 'n', 'n', 'notes6');
INSERT INTO `tbm22`.`pet` (`pet_id`, `pst_id`, `cus_id`, `pet_type`, `pet_sex`, `pet_cost`, `pet_price`, `pet_age`, `pet_color`, `pet_sale_date`, `pet_vaccine`, `pet_neuter`, `pet_notes`) VALUES (7, 5, 2, 'African Grey Parrot', 'm', 1295, 1800, 250, 'grey/blue', '2007-09-19', 'n', 'n', 'approx. 10 yrs old');
INSERT INTO `tbm22`.`pet` (`pet_id`, `pst_id`, `cus_id`, `pet_type`, `pet_sex`, `pet_cost`, `pet_price`, `pet_age`, `pet_color`, `pet_sale_date`, `pet_vaccine`, `pet_neuter`, `pet_notes`) VALUES (8, 9, 4, 'Pitbull', 'm', 300, 495, 8, 'black/white', '2001-05-27', 'n', 'y', 'notes8');
INSERT INTO `tbm22`.`pet` (`pet_id`, `pst_id`, `cus_id`, `pet_type`, `pet_sex`, `pet_cost`, `pet_price`, `pet_age`, `pet_color`, `pet_sale_date`, `pet_vaccine`, `pet_neuter`, `pet_notes`) VALUES (9, 8, 3, 'Boa Constrictor', 'f', 450, 735, 80, 'grey/green', '2006-10-31', 'n', 'n', 'approx. 5 yrs old');
INSERT INTO `tbm22`.`pet` (`pet_id`, `pst_id`, `cus_id`, `pet_type`, `pet_sex`, `pet_cost`, `pet_price`, `pet_age`, `pet_color`, `pet_sale_date`, `pet_vaccine`, `pet_neuter`, `pet_notes`) VALUES (10, 10, 1, 'Giraffe', 'f', 1735, 2495, 208, 'yellow and black', NULL, 'n', 'n', 'notes10');

COMMIT;

